Philosophy,1
Action (philosophy),2
Analytic philosophy,2
Normative,2
Objectivity (philosophy),2
Behavior,3
Being,3
Critical thinking,3
Ideology,3
Proposition,3
Existence,4
Logical form,4
"Orthodoxy, Autocracy, and Nationality",4
Social behavior,4
Systematic process,4
Culture,5
Entity,5
Logic,5
Nikolay Gerasimovich Ustryalov,5
Scientific technique,5
Cultural system,6
Music,6
Necessity and sufficiency,6
Organization,6
Scientific method,6
Ethology,7
International organization,7
Music genre,7
Musical instrument,7
Proof (truth),7
Religion,7
Blues,8
Electronic musical instrument,8
Fact,8
Musician,8
Regional organization,8
Religious denomination,8
Territory (animal),8
Arab League,9
Competition,9
Composer,9
Continental union,9
Electric blues,9
Electronic music,9
Knowledge,9
Reason,9
Religious conversion,9
African Union,10
Bob Corritore,10
Detroit Electronic Music Festival,10
Laid Back,10
Learning,10
Member states of the Arab League,10
Outline of academic disciplines,10
Person,10
Proselytism,10
Science,10
Sport,10
Trebor (composer),10
Arab world,11
Chronology,11
Contact sport,11
Discipline (academia),11
Education,11
Geography,11
Goal (sport),11
Kenya,11
Natural science,11
Passenger,11
Photography,11
Pitch (sports field),11
Psychology,11
Taxonomy (biology),11
Team sport,11
Universalizing religion,11
White Horse (Laid Back song),11
Arabs,12
Association football,12
Bat-and-ball games,12
Biology,12
Chlorodendraceae,12
Christianity,12
Chronological dating,12
Class (biology),12
Combat sport,12
Decision-making,12
Educational institution,12
Genus,12
Geopolitics,12
Human settlement,12
Ice hockey,12
Identity (social science),12
International Standard Classification of Education,12
Irangi,12
Movie camera,12
Offense (sports),12
Public transport,12
Region,12
Social science,12
Study,12
Actinopterygii,13
American football,13
Astropolitics,13
Baseball,13
Copa Libertadores,13
Dicentria,13
Economics,13
Ethnic group,13
FC Dallas,13
Film gate,13
Football in Germany,13
Football in Skopje,13
Geologic time scale,13
Light rail,13
List of Christian denominations by number of members,13
National Hockey League,13
Neontology,13
Organism,13
Political science,13
Politics,13
Polity,13
Secondary education,13
Semiotics,13
Social group,13
Social structure,13
Species,13
State school,13
Subregion,13
Trymatococcus,13
University,13
Urban area,13
Village,13
Weight class,13
Western Christianity,13
Yemen,13
1976 Copa Libertadores,14
2004–05 NHL season,14
2010 FC Dallas season,14
African Americans,14
Anglicanism,14
Art McMahon,14
"Avoca (village), New York",14
Bob Burns (American football),14
Catholic Church,14
Comprehensive high school,14
Durable good,14
East Asia,14
Eukaryote,14
Federation,14
FV Preussen Eberswalde,14
Garra compressus,14
Human,14
Institution,14
Legitimacy (political),14
Madwal,14
Meaning (semiotics),14
Middleweight,14
Multicellular organism,14
Municipality,14
National Football League,14
Navia lanigera,14
Period (geology),14
Political geography,14
"Przyborów, Radomsko County",14
Public university,14
Secondary school,14
Sinocyclocheilus purpureus,14
Society,14
State (polity),14
Super Bases Loaded,14
U.S. state,14
Ullevål Hageby Line,14
Zrinska,14
2004–05 Buffalo Sabres season,15
African-American culture,15
Animal,15
Anthropology,15
Authority,15
Boxing at the 2004 Summer Olympics – Middleweight,15
Capital city,15
Castellammare Cathedral,15
Communication,15
Country,15
Edward Wix,15
Family,15
Federal republic,15
Government,15
International law,15
Investment,15
Lakeland Regional High School,15
National academy,15
New England,15
NFL regular season,15
Northern Lights Secondary School,15
Paleolithic,15
Plant,15
Sociology,15
Taiwan,15
Tribunal,15
University of Hawaii at Manoa,15
2000 NFL season,16
Administrative division,16
Atlanta,16
Boston,16
Central government,16
Chen Cheng-jia,16
Complex society,16
Court,16
Disco,16
Executive (government),16
Guioa molliuscula,16
Honour,16
Invertebrate,16
Investment fund,16
Language,16
Lee Siegel (professor and novelist),16
Media (communication),16
Mesolithic,16
Ministry of the Interior (Taiwan),16
New England town,16
Proboscis,16
Royal Society of Edinburgh,16
Russia,16
Social norm,16
Sovereign state,16
Switzerland,16
United States,16
Writing,16
2000 New York Giants season,17
Administrative divisions of Iran,17
Alexey Nagayev,17
Arthropod,17
Asilidae,17
Buckhead,17
"Byron, Maine",17
Civilization,17
Community,17
Digital media,17
Donna Summer,17
Epipaleolithic,17
Federal government of the United States,17
Fellow of the Royal Society of Edinburgh,17
Head of state,17
Huang Chu-wen,17
Jargon,17
Jodie Scholz,17
Landlocked country,17
Language family,17
Linguistics,17
List of sovereign states,17
Literature,17
Neighborhoods in Boston,17
Order (distinction),17
Paul Lob,17
Private equity,17
Procedural law,17
Prose,17
Public policy,17
United Kingdom,17
 (Donna Summer album),18
Alexander Maguire,18
Ancient Greece,18
Buckhead Theatre,18
"Charlestown, Boston",18
Compact disc,18
Czech Republic,18
Dehestan (administrative division),18
Federal Statistical System of the United States,18
Grapheme,18
Hexapoda,18
Ian George Wilson Hill,18
Indo-European languages,18
List of Asilidae species: Y,18
Mali,18
Meaning (linguistics),18
Nation,18
Navigation,18
Order of chivalry,18
Parliamentary procedure,18
Poetry,18
President of Singapore,18
Public administration,18
Regal (cigarette),18
Short story,18
South Africa,18
Stone tool,18
Venture capital,18
1997 Scottish Masters,19
A Winter amid the Ice,19
Album,19
Compass,19
Constitution of the Czech Republic,19
Currie Cup,19
Deliberative assembly,19
Dioncounda Traoré,19
English people,19
Firuzeh Rural District,19
Francis B. Austin House,19
GGV Capital,19
Greek language,19
Insect,19
Letter (alphabet),19
Liezel Huber,19
Local government,19
Order of the Bath,19
Parliament of Singapore,19
Poet,19
Prehistory,19
Renaissance architecture,19
Translation,19
United States Census Bureau,19
1964 Currie Cup,20
2010 French Open – Mixed Doubles,20
Administrative divisions of New York (state),20
Alphabet,20
Ancient Greek,20
Beetle,20
Bernard Mallet,20
Civil township,20
Constituencies of Singapore,20
Dangerous Age,20
Derakht-e Jowz,20
Jacobean architecture,20
Jenny Lee (venture capitalist),20
Place (United States Census Bureau),20
Points of the compass,20
Proto-Indo-Europeans,20
Regions of the Czech Republic,20
Senate,20
Steve Fenton (rugby league),20
Translation studies,20
William Shakespeare,20
Acyphoderes acutipennis,21
Census-designated place,21
Dialect,21
Edmond Malone,21
"Fine, New York",21
Germanic peoples,21
Group Representation Constituency,21
Haremere Hall,21
Literal translation,21
Moravian-Silesian Region,21
"Norma Township, Barnes County, North Dakota",21
North,21
Spelling,21
Upper house,21
Alemannic German,22
American and British English spelling differences,22
Cardinal direction,22
Jalan Besar Group Representation Constituency,22
Karviná District,22
Physics,22
"Southern Gateway, Virginia",22
Swedes,22
United States Senate,22
Anton Gustafsson,23
Classical physics,23
Dimension,23
Downtown Core,23
Fiber,23
Horní Bludovice,23
Low Alemannic German,23
Optics,23
Physical body,23
South,23
United States Senate Committee on Environment and Public Works,23
Work (physics),23
Alsatian dialect,24
Astronomical object,24
Matter,24
National Gallery Singapore,24
Paper,24
Power (physics),24
Projector,24
South Asia,24
Three-dimensional space,24
"United States Senate Environment Subcommittee on Superfund, Waste Management, and Regulatory Oversight",24
3D computer graphics,25
Chemical substance,25
Codex,25
France,25
India,25
Machine,25
Planet,25
Projection screen,25
Book,26
Chemical compound,26
Cinema of India,26
Compounds of carbon,26
Earth,26
Film,26
France at the 2006 Winter Olympics,26
Henri Duparc (composer),26
Iron Man: Armored Adventures,26
Machine (mechanical),26
Northeast India,26
Water,26
Assam,27
Body of water,27
Chemistry,27
Heptylparaben,27
Land,27
Organic matter,27
P. C. Sreeram,27
Self-publishing,27
Silent film,27
Typewriter,27
 (1919 film),28
 (1992 film),28
Continent,28
List of districts of Assam,28
Manuscript,28
S. J. Clarke Publishing Company,28
Sea,28
Soil,28
Solution,28
Stream,28
Coast,29
Europe,29
List of transcontinental countries,29
Morigaon district,29
Philosophy of religion,29
Simpson Creek (Missouri),29
Soil health,29
South America,29
Tescra,29
Bolivia,30
Gouripur Gaon,30
Headland,30
Hungary,30
Joseph Runzo,30
Middle East,30
Soil retrogression and degradation,30
Spain,30
Baranya County,31
Headlands and bays,31
Ichilo River,31
Israel,31
OK Liga,31
2012–13 OK Liga,32
Gyöngyösmellék,32
List of ,32
Thurso Bay,32
Scrabster,33
George Bain (artist),34
Debbie Patton,-3
1501,-2
1946,-2
12th Army (Wehrmacht),-2
1946 in the United Kingdom,-2
Abbess,-2
Algorithm,-2
Alice Baldwin (Abbess),-2
Allies of World War II,-2
Automatic number identification,-2
Babi kecap,-2
Belostomatidae,-2
Binary relation,-2
Building,-2
Calendar,-2
Calendar year,-2
Categorization,-2
Charles J. Walsh,-2
Civil calendar,-2
Common year,-2
Common year starting on Friday,-2
Computer,-2
Computer programming,-2
Computing,-2
Content (media),-2
Coordinate system,-2
Counting,-2
Data,-2
Declaration by United Nations,-2
Digital image processing,-2
Digital radio,-2
Direct tax,-2
Electromagnetic spectrum,-2
Element (mathematics),-2
Etz Chaim Yeshiva,-2
Film Forum,-2
Film genre,-2
Frequency,-2
Geographic coordinate system,-2
Geometry,-2
God,-2
Graph theory,-2
Gregorian calendar,-2
Hierarchy,-2
Horvathinia,-2
Indian classical dance,-2
Indonesia,-2
Indonesian cuisine,-2
Indonesian language,-2
Information,-2
January 1,-2
Judaism,-2
Kathakali,-2
Kavalappara Narayanan Nair,-2
"Laski Wielkie, Kuyavian-Pomeranian Voivodeship",-2
Leap year,-2
"Mata Hari, Agent H21",-2
Mathematics,-2
Monotheism,-2
Movie theater,-2
Narrative,-2
New Year's Day,-2
Non-fiction,-2
Numerical analysis,-2
Numerical methods for ordinary differential equations,-2
NXDN,-2
Pacific War,-2
Path (graph theory),-2
Private university,-2
Project 25,-2
Quantity,-2
Radio spectrum,-2
Santa Clara University,-2
Sequence,-2
Set (mathematics),-2
Single UNIX Specification,-2
Spy film,-2
Structure,-2
Superior (hierarchy),-2
Tax,-2
Tax avoidance,-2
Tax break,-2
Telecommunication circuit,-2
Telephone line,-2
Telephone number,-2
Time,-2
Umbrella term,-2
Unit of time,-2
World War II,-2
Yeshiva,-2
